map,num_agents,trial,plan_attempts,plan_ok,full_replan_ok,full_replan_ms,selective_replan_ok,selective_replan_ms,escalation_tier
open,50,0,1,1,1,81.0253,1,3.67,0
open,50,1,1,1,1,731.567,1,892.324,1
open,50,2,1,1,1,47.4553,1,2.9928,0
open,50,3,1,1,1,205.967,1,8.1602,0
open,50,4,1,1,1,516.879,1,50.6938,0
open,50,5,1,1,1,24.4759,1,4.5658,0
open,50,6,1,1,1,66.9506,1,96.9352,-1
open,50,7,1,1,1,133.064,1,2.9454,0
open,50,8,1,1,1,221.618,1,14.4742,1
open,50,9,1,1,1,18.3943,1,6.9996,1
open,50,10,1,1,1,13.7311,1,11.4308,0
open,50,11,1,1,1,146.271,1,10.2568,1
open,50,12,1,1,1,33.6892,1,3.1235,0
open,50,13,1,1,1,85.1826,1,2.8436,0
open,50,14,1,1,1,300.649,1,3.7349,0
open,50,15,1,1,1,6.1067,1,3.606,0
open,50,16,1,1,1,35.2677,1,8.0327,1
open,50,17,1,1,1,4.3135,1,3.0792,0
open,50,18,1,1,1,77.8014,1,196.946,1
open,50,19,1,1,1,139.393,1,3.8725,0
open,50,20,1,1,1,134.515,1,5.5852,0
open,50,21,1,1,1,8.0524,1,3.1322,0
open,50,22,1,1,1,36.0615,1,8.0043,0
open,50,23,1,1,1,33.1649,1,36.889,-1
open,50,24,1,1,1,21.3599,1,5.4937,0
open,50,25,1,1,1,358.619,1,9.6082,0
open,50,26,1,1,1,56.0176,1,27.2197,1
open,50,27,1,1,1,70.9675,1,4.254,0
open,50,28,1,1,1,46.5159,1,7.9863,0
open,50,29,1,1,1,118.653,1,7.2558,1
open,50,30,1,1,1,45.0956,1,9.9435,0
open,50,31,1,1,1,24.7265,1,8.1755,1
open,50,32,1,1,1,80.3704,1,13.6785,1
open,50,33,1,1,1,8.2814,1,4.4551,1
open,50,34,1,1,1,113.267,1,6.0347,0
open,50,35,1,1,1,356.454,1,60.631,1
open,50,36,1,1,1,6.3186,1,3.4319,0
open,50,37,1,1,1,88.4373,1,16.0195,0
open,50,38,1,1,1,281.928,1,9.0224,1
open,50,39,1,1,1,158.262,1,12.4027,1
open,50,40,1,1,1,57.2777,1,12.181,1
open,50,41,1,1,1,36.3572,1,66.8344,0
open,50,42,1,1,1,232.835,1,5.4679,0
open,50,43,1,1,1,76.7444,1,10.1569,0
open,50,44,1,1,1,57.199,1,7.4997,0
open,50,45,1,1,1,52.2743,1,7.5338,0
open,50,46,1,1,1,34.6976,1,11.8125,1
open,50,47,1,1,1,5.4631,1,13.5794,1
open,50,48,1,1,1,85.542,1,6.8508,1
open,50,49,1,1,1,96.3382,1,4.9543,1
open,100,0,1,1,1,309.56,1,8.4286,0
open,100,1,1,1,1,139.622,1,45.9623,1
open,100,2,1,1,1,65.4888,1,12.3028,0
open,100,3,1,1,1,547.908,1,109.863,1
open,100,4,1,1,1,231.746,1,8.8566,0
open,100,5,1,1,1,21.2267,1,8.9413,0
open,100,6,1,1,1,657.743,1,21.1936,0
open,100,7,1,1,1,227.594,1,23.1819,1
open,100,8,1,1,1,93.8019,1,129.504,-1
open,100,9,1,1,1,707.613,1,664.296,-1
open,100,10,1,1,1,360.721,1,9.1913,0
open,100,11,1,1,1,11.0626,1,13.1956,0
open,100,12,1,1,1,653.769,1,8.6913,0
open,100,13,1,1,1,300.935,1,316.834,-1
open,100,14,1,1,1,601.055,1,665.777,-1
open,100,15,1,1,1,636.617,1,778.017,-1
open,100,16,1,1,1,39.6929,1,8.5084,0
open,100,17,1,1,1,129.246,1,101.726,0
open,100,18,1,1,1,1879.3,1,9.7762,0
open,100,19,1,1,1,836.461,1,178.864,1
open,100,20,1,1,1,1087.45,1,11.5466,0
open,100,21,1,1,1,378.367,1,12.3576,0
open,100,22,1,1,1,1381.93,1,1380.77,-1
open,100,23,1,1,1,184.164,1,10.0197,0
open,100,24,1,1,1,544.58,1,92.9092,1
open,100,25,1,1,1,2998.01,1,2607.26,-1
open,100,26,1,1,1,615.559,1,597.145,-1
open,100,27,1,1,1,258.021,1,244.262,-1
open,100,28,1,1,1,1045.07,1,30.1463,0
open,100,29,1,1,1,68.3222,1,10.9531,0
open,100,30,1,1,1,1125.38,1,1303.31,-1
open,100,31,1,1,1,1339.7,1,1389.03,-1
open,100,32,1,1,1,192.127,1,66.3927,0
open,100,33,1,1,1,230.308,1,9.4267,0
open,100,34,1,1,1,609.535,1,39.3776,1
open,100,35,1,1,1,22.8166,1,17.5198,1
open,100,36,1,1,1,267.431,1,15.7332,0
open,100,37,1,1,1,24.7348,1,12.1084,0
open,100,38,1,1,1,299.933,1,13.7393,1
open,100,39,1,1,1,356.902,1,78.8546,1
open,100,40,1,1,1,1076.3,1,16.4788,0
open,100,41,1,1,1,781.008,1,29.1004,1
open,100,42,1,1,1,1399.9,1,1376.53,-1
open,100,43,1,1,1,147.342,1,197.661,-1
open,100,44,1,1,1,199.463,1,8.5869,0
open,100,45,1,1,1,39.3109,1,10.4018,0
open,100,46,1,1,1,195.791,1,15.2675,0
open,100,47,1,1,1,244.455,1,9.1575,0
open,100,48,1,1,1,211.665,1,9.4173,0
open,100,49,1,1,1,842.347,1,109.597,0
open,150,0,1,1,1,1165.12,1,1140.24,-1
open,150,1,1,1,1,793,1,836.449,-1
open,150,2,1,1,1,382.617,1,20.6852,0
open,150,3,1,1,1,450.747,1,40.2669,1
open,150,4,1,1,1,553.082,1,729.266,-1
open,150,5,1,1,1,1450.23,1,28.1057,1
open,150,6,1,1,1,1340.62,1,1381.28,-1
open,150,7,1,1,1,98.599,1,16.7322,0
open,150,8,1,1,1,1689.14,1,66.979,1
open,150,9,1,1,1,2085.95,1,19.0825,0
open,150,10,1,1,1,40.762,1,15.9429,0
open,150,11,1,1,1,68.1845,1,25.9198,0
open,150,12,1,1,1,1746.59,1,1868.22,-1
open,150,13,1,1,1,208.235,1,249.817,-1
open,150,14,1,1,1,173.706,1,25.2552,1
open,150,15,1,1,1,2587.72,1,2724.22,-1
open,150,16,1,1,1,3705.7,1,26.2467,0
open,150,17,1,1,1,1061.08,1,1139.55,-1
open,150,18,1,1,1,1911.99,1,2059.41,-1
open,150,19,1,1,1,732.001,1,856.261,-1
open,150,20,1,1,1,1887.71,1,2109.2,-1
open,150,21,1,1,1,284.873,1,320.592,-1
open,150,22,1,1,1,22.7895,1,16.4975,0
open,150,23,1,1,1,336.921,1,20.2953,0
open,150,24,1,1,1,1063.39,1,1130.49,-1
open,150,25,1,1,1,505.373,1,30.0928,0
open,150,26,1,1,1,1640.97,1,1897.12,-1
open,150,27,1,1,1,137.102,1,41.7209,0
open,150,28,1,1,1,118.972,1,19.0263,0
open,150,29,1,1,1,1034.66,1,26.2779,0
open,150,30,1,1,1,44.0694,1,23.7931,0
open,150,31,1,1,1,1373.63,1,1803.9,-1
open,150,32,1,1,1,1063.11,1,18.3078,0
open,150,33,1,1,1,69.1302,1,116.284,-1
open,150,34,1,1,1,283.482,1,273.376,-1
open,150,35,1,1,1,671.807,1,683.936,-1
open,150,36,1,1,1,509.022,1,510.052,-1
open,150,37,1,1,1,185.383,1,17.8,0
open,150,38,1,1,1,231.522,1,39.611,1
open,150,39,1,1,1,273.818,1,273.772,-1
open,150,40,1,1,1,52.0707,1,17.7878,0
open,150,41,1,1,1,87.8566,1,19.6077,0
open,150,42,1,1,1,1181.52,1,1170.85,-1
open,150,43,1,1,1,692.398,1,786.296,-1
open,150,44,1,1,1,76.5727,1,20.7621,0
open,150,45,1,1,1,325.496,1,15.3762,0
open,150,46,1,1,1,668.197,1,638.449,-1
open,150,47,1,1,1,85.6621,1,15.4117,0
open,150,48,1,1,1,1775.64,1,18.619,0
open,150,49,1,1,1,699.559,1,726.668,-1
open,200,0,1,1,1,1083.77,1,184.053,1
open,200,1,1,1,1,2353.72,1,1688.98,-1
open,200,2,1,1,1,3225.42,1,3205.29,-1
open,200,3,1,1,1,5842.74,1,5529.86,-1
open,200,4,1,1,1,1536.06,1,1460.98,-1
open,200,5,1,1,1,5950.67,1,5067.9,-1
open,200,6,1,1,1,178.023,1,24.4046,0
open,200,7,1,1,1,102.542,1,177.019,-1
open,200,8,1,1,1,1977.35,1,2048.07,-1
open,200,9,1,1,1,1859.42,1,1950.38,-1
open,200,10,1,1,1,898.81,1,1241.68,-1
open,200,11,1,1,1,1185.7,1,1384.29,-1
open,200,12,1,1,1,4596.47,1,4680.22,-1
open,200,13,1,1,1,2350.34,1,2320.03,-1
open,200,14,1,1,1,2713.08,1,23.3152,0
open,200,15,1,1,1,2341.71,1,2530.93,-1
open,200,16,1,1,1,1253.39,1,1277.92,-1
open,200,17,1,1,1,296.495,1,30.0339,0
open,200,18,1,1,1,27.4344,1,23.7858,0
open,200,19,1,1,1,51.9074,1,47.6748,0
open,200,20,1,1,1,579.694,1,586.25,-1
open,200,21,1,1,1,90.918,1,25.1596,0
open,200,22,1,1,1,502.915,1,25.7639,0
open,200,23,1,1,1,100.267,1,38.1348,0
open,200,24,1,1,1,3236.52,1,3013.39,-1
open,200,25,1,1,1,261.839,1,28.0851,0
open,200,26,1,1,1,1925.38,1,2085.73,-1
open,200,27,1,1,1,4450.99,1,381.283,1
open,200,28,1,1,1,252.363,1,58.4277,1
open,200,29,1,1,1,284.021,1,24.2322,0
open,200,30,1,1,1,1896.06,1,45.0757,0
open,200,31,1,1,1,41.0642,1,23.8154,0
open,200,32,1,1,1,76.0541,1,24.0299,0
open,200,33,1,1,1,6660.06,1,7361.99,-1
open,200,34,1,1,1,615.532,1,776.746,-1
open,200,35,1,1,1,1056.29,1,1122.02,-1
open,200,36,1,1,1,201.011,1,57.3658,1
open,200,37,1,1,1,38.8563,1,25.5475,0
open,200,38,1,1,1,4732.55,1,6001.28,-1
open,200,39,1,1,1,139.109,1,37.5114,0
open,200,40,1,1,1,1582.09,1,1684.84,-1
open,200,41,1,1,1,3881.9,1,4369.31,-1
open,200,42,1,1,1,3730.2,1,4206.56,-1
open,200,43,1,1,1,176.104,1,35.2936,0
open,200,44,1,1,1,4968.52,1,4370.44,-1
open,200,45,1,1,1,2313.67,1,2030.56,-1
open,200,46,1,1,1,223.542,1,48.6336,1
open,200,47,1,1,1,42.241,1,29.8932,0
open,200,48,1,1,1,4860.91,1,4546.98,-1
open,200,49,1,1,1,3382.39,1,2697.93,-1
corridor,50,0,1,1,1,36.2451,1,29.5165,-1
corridor,50,1,1,1,1,33.9948,1,7.4145,1
corridor,50,2,1,1,1,235.076,1,11.9419,1
corridor,50,3,1,1,1,6.4789,1,4.2864,0
corridor,50,4,1,1,1,42.9356,1,52.2458,-1
corridor,50,5,1,1,1,144.594,1,143.125,-1
corridor,50,6,1,1,1,101.878,1,111.187,-1
corridor,50,7,1,1,1,25.3538,1,5.6194,1
corridor,50,8,1,1,1,35.6784,1,42.2829,-1
corridor,50,9,1,1,1,12.9365,1,5.7807,1
corridor,50,10,1,1,1,17.1385,1,18.2998,-1
corridor,50,11,1,1,1,10.8804,1,3.1331,0
corridor,50,12,1,1,1,18.6409,1,2.9053,0
corridor,50,13,1,1,1,5.1127,1,5.5519,1
corridor,50,14,1,1,1,44.6939,1,15.0161,1
corridor,50,15,1,1,1,27.7513,1,34.3202,-1
corridor,50,16,1,1,1,134.72,1,3.8115,0
corridor,50,17,1,1,1,41.9075,1,4.2898,0
corridor,50,18,1,1,1,42.1545,1,4.2585,0
corridor,50,19,1,1,1,177.505,1,4.8812,0
corridor,50,20,1,1,1,5.9659,1,5.119,1
corridor,50,21,2,1,1,63.4493,1,53.8785,-1
corridor,50,22,1,1,1,53.2987,1,81.8588,-1
corridor,50,23,1,1,1,5.3526,1,3.97,0
corridor,50,24,1,1,1,244.73,1,247.294,-1
corridor,50,25,1,1,1,6.4367,1,8.8169,1
corridor,50,26,1,1,1,256.878,1,311.929,-1
corridor,50,27,1,1,1,158.12,1,132.675,-1
corridor,50,28,1,1,1,202.768,1,430.712,-1
corridor,50,29,1,1,1,260.517,1,5.5033,0
corridor,50,30,1,1,1,42.3536,1,7.2133,0
corridor,50,31,1,1,1,43.4796,1,46.1956,-1
corridor,50,32,1,1,1,13.6826,1,3.9034,0
corridor,50,33,1,1,1,95.2822,1,4.8859,0
corridor,50,34,1,1,1,71.598,1,3.0407,0
corridor,50,35,1,1,1,11.3732,1,4.4114,1
corridor,50,36,1,1,1,71.6292,1,42.2915,0
corridor,50,37,1,1,1,66.9774,1,8.6872,0
corridor,50,38,1,1,1,43.6136,1,51.8743,-1
corridor,50,39,1,1,1,40.7223,1,13.3945,1
corridor,50,40,1,1,1,11.9591,1,8.0203,1
corridor,50,41,1,1,1,14.5982,1,21.7931,-1
corridor,50,42,1,1,1,60.8379,1,65.5058,-1
corridor,50,43,1,1,1,15.0058,1,5.1414,0
corridor,50,44,1,1,1,439.306,1,501.546,-1
corridor,50,45,1,1,1,6.1651,1,3.4522,0
corridor,50,46,1,1,1,385.649,1,366.845,-1
corridor,50,47,1,1,1,119.843,1,6.186,0
corridor,50,48,1,1,1,64.9793,1,6.746,1
corridor,50,49,1,1,1,160.095,1,3.9955,0
corridor,100,0,1,1,1,12.4994,1,9.8332,0
corridor,100,1,1,1,1,433.402,1,11.5693,0
corridor,100,2,1,1,1,45.6072,1,56.0501,-1
corridor,100,3,1,1,1,719.619,1,93.6946,0
corridor,100,4,1,1,1,379.204,1,437.74,-1
corridor,100,5,2,1,1,229.031,1,213.085,-1
corridor,100,6,1,1,1,220.725,1,219.033,-1
corridor,100,7,1,1,1,9.9557,1,9.7418,0
corridor,100,8,1,1,1,130.124,1,140.666,-1
corridor,100,9,1,1,1,580.894,1,11.156,0
corridor,100,10,1,1,1,678.625,1,83.3609,1
corridor,100,11,1,1,1,156.881,1,149.825,-1
corridor,100,12,1,1,1,30.7865,1,43.9828,-1
corridor,100,13,1,1,1,237.706,1,10.3443,0
corridor,100,14,1,1,1,341.913,1,50.5185,1
corridor,100,15,1,1,1,197.902,1,13.7541,0
corridor,100,16,2,1,1,227.461,1,57.0005,0
corridor,100,17,2,1,1,334.004,1,431.863,-1
corridor,100,18,2,1,1,76.4906,1,14.763,0
corridor,100,19,1,1,1,150.572,1,145.746,-1
corridor,100,20,1,1,1,786.632,1,41.607,1
corridor,100,21,1,1,1,16.8928,1,17.1562,0
corridor,100,22,1,1,1,114.387,1,152.026,-1
corridor,100,23,1,1,1,14.8675,1,17.6031,0
corridor,100,24,1,1,1,18.5556,1,13.0348,0
corridor,100,25,1,1,1,252.588,1,291.749,-1
corridor,100,26,2,1,1,59.042,1,13.774,0
corridor,100,27,1,1,1,142.661,1,165.464,-1
corridor,100,28,1,1,1,56.572,1,70.6571,-1
corridor,100,29,1,1,1,30.0929,1,15.4162,0
corridor,100,30,1,1,1,82.2631,1,12.344,0
corridor,100,31,1,1,1,22.6328,1,56.5402,-1
corridor,100,32,2,1,1,144.415,1,160.158,-1
corridor,100,33,2,1,1,282.043,1,55.9896,1
corridor,100,34,1,1,1,119.901,1,140.984,-1
corridor,100,35,1,1,1,597.19,1,108.865,0
corridor,100,36,1,1,1,22.8994,1,9.4992,0
corridor,100,37,1,1,1,203.105,1,208.468,-1
corridor,100,38,1,1,1,1265.34,1,1189.61,-1
corridor,100,39,1,1,1,302.599,1,13.8992,0
corridor,100,40,1,1,1,700.868,1,599.02,-1
corridor,100,41,1,1,1,1295.2,1,1572.38,-1
corridor,100,42,1,1,1,551.04,1,544.103,-1
corridor,100,43,1,1,0,99.6452,0,113.412,0
corridor,100,44,1,1,1,20.8502,1,26.1438,1
corridor,100,45,1,1,1,12.532,1,8.8315,0
corridor,100,46,2,1,1,53.2066,1,14.6532,0
corridor,100,47,1,1,1,35.8638,1,29.4828,1
corridor,100,48,1,1,1,61.1453,1,43.8425,1
corridor,100,49,1,1,1,33.6774,1,13.1127,0
corridor,150,0,3,1,1,525.71,1,409.474,-1
corridor,150,1,1,1,0,473.611,0,404.38,0
corridor,150,2,1,1,1,1396.45,1,1267.44,-1
corridor,150,3,1,1,0,83.6794,0,159.267,0
corridor,150,4,1,1,1,310.111,1,335.246,-1
corridor,150,5,2,1,1,614.343,1,656.943,-1
corridor,150,6,2,1,1,817.421,1,549.19,-1
corridor,150,7,1,1,1,354.616,1,72.0861,0
corridor,150,8,1,1,1,310.221,1,284.065,-1
corridor,150,9,1,1,1,1005.86,1,874.487,-1
corridor,150,10,2,1,1,74.109,1,105.674,-1
corridor,150,11,2,1,0,27.5296,0,37.4425,0
corridor,150,12,1,1,1,749.375,1,789.538,-1
corridor,150,13,2,1,1,55.9718,1,22.9034,0
corridor,150,14,1,1,0,169.376,0,233.671,0
corridor,150,15,1,1,1,274.573,1,281.79,-1
corridor,150,16,1,1,0,4888.34,0,4039.76,0
corridor,150,17,1,1,1,103.665,1,146.648,-1
corridor,150,18,1,1,1,3576.04,1,2714.04,-1
corridor,150,19,1,1,0,4026.09,0,3562.58,0
corridor,150,20,1,1,1,97.441,1,125.522,-1
corridor,150,21,3,1,0,467.321,0,641.057,0
corridor,150,22,1,1,1,338.382,1,417.118,-1
corridor,150,23,1,1,1,1253.37,1,956.165,-1
corridor,150,24,1,1,1,263.999,1,164.11,-1
corridor,150,25,4,1,1,2120.22,1,2063.64,-1
corridor,150,26,1,1,0,1043.07,0,1166.24,0
corridor,150,27,1,1,0,162.998,0,149.457,0
corridor,150,28,1,1,1,581.704,1,400.374,-1
corridor,150,29,2,1,0,33.2929,0,44.1889,0
corridor,150,30,1,1,1,1421.05,1,1368.2,-1
corridor,150,31,1,1,1,31.8769,1,26.216,0
corridor,150,32,2,1,0,399.644,0,461.159,0
corridor,150,33,1,1,1,1303.53,1,1293.3,-1
corridor,150,34,2,1,0,3917.32,0,4033.83,0
corridor,150,35,1,1,0,427.481,0,429.389,0
corridor,150,36,1,1,0,76.5042,0,111.379,0
corridor,150,37,2,1,1,1443.16,1,17.5127,0
corridor,150,38,3,1,1,183.594,1,53.3608,1
corridor,150,39,4,1,0,357.609,0,345.757,0
corridor,150,40,1,1,1,1055.72,1,1224.25,-1
corridor,150,41,1,1,1,56.0809,1,64.6277,-1
corridor,150,42,2,1,1,85.9056,1,116.856,-1
corridor,150,43,2,1,1,116.157,1,37.7149,1
corridor,150,44,1,1,1,1800.43,1,1845.42,-1
corridor,150,45,1,1,1,460.394,1,386.57,-1
corridor,150,46,1,1,1,648.54,1,847.314,-1
corridor,150,47,1,1,0,3561.79,0,3452.81,0
corridor,150,48,2,1,1,26.0086,1,31.1938,0
corridor,150,49,1,1,1,144.4,1,93.2198,1
corridor,200,0,3,1,0,129.31,0,163.716,0
corridor,200,1,1,1,0,4443.84,0,4251.16,0
corridor,200,2,7,1,1,53.0415,1,73.0224,-1
corridor,200,3,4,1,1,1449.32,1,1272.64,-1
corridor,200,4,5,1,1,294.721,1,544.555,-1
corridor,200,5,1,1,0,292.871,0,249.121,0
corridor,200,6,1,1,0,548.699,0,628.406,0
corridor,200,7,2,1,0,264.436,0,359.365,0
corridor,200,8,3,1,1,87.2666,1,31.0643,0
corridor,200,9,7,1,0,181.328,0,204.158,0
corridor,200,10,1,1,0,4151.71,0,4317.91,0
corridor,200,11,1,1,0,327.382,1,30.0624,0
corridor,200,12,5,1,1,1743.4,1,1674.42,-1
corridor,200,13,5,1,1,151.133,1,28.5626,0
corridor,200,14,3,1,0,119.046,0,138.098,0
corridor,200,15,3,1,0,209.662,0,227.786,0
corridor,200,16,4,1,1,243.054,1,279.016,-1
corridor,200,17,5,1,1,96.0595,1,40.4616,0
corridor,200,18,1,1,0,91.3643,0,112.659,0
corridor,200,19,2,1,0,542.986,0,568.828,0
corridor,200,20,3,1,0,535.469,0,500.887,0
corridor,200,21,1,1,1,1780.56,1,1586.27,-1
corridor,200,22,12,1,1,387.338,1,373.856,-1
corridor,200,23,2,1,0,59.6657,0,124.251,0
corridor,200,24,1,1,0,1644.92,0,1611.51,0
corridor,200,25,2,1,1,733.647,1,1012.49,-1
corridor,200,26,2,1,0,1047.15,0,1085.56,0
corridor,200,27,3,1,0,3860.43,0,4019.81,0
corridor,200,28,10,1,0,329.047,1,24.7899,1
corridor,200,29,1,1,1,57.5308,1,71.7122,-1
corridor,200,30,1,1,1,468.079,1,396.922,-1
corridor,200,31,3,1,0,120.529,0,173.176,0
corridor,200,32,2,1,1,145.651,1,132.574,-1
corridor,200,33,5,1,0,177.671,1,43.3034,1
corridor,200,34,11,1,0,165.441,0,161.215,0
corridor,200,35,3,1,1,881.601,1,891.155,-1
corridor,200,36,2,1,0,206.115,0,171.925,0
corridor,200,37,1,1,1,2030.54,1,2032.69,-1
corridor,200,38,4,1,0,464.191,0,1459.95,0
corridor,200,39,1,1,0,866.944,0,935.507,0
corridor,200,40,3,1,1,180.046,1,225.482,-1
corridor,200,41,5,1,1,75.2913,1,96.2921,-1
corridor,200,42,1,1,1,1741.79,1,1532.78,-1
corridor,200,43,5,1,1,2466.29,1,2430.3,-1
corridor,200,44,2,1,0,272.889,0,292.904,0
corridor,200,45,3,1,0,135.741,0,169.56,0
corridor,200,46,2,1,1,893.261,1,758.61,-1
corridor,200,47,2,1,0,473.107,0,587.632,0
corridor,200,48,4,1,0,77.7031,0,136.416,0
corridor,200,49,1,1,0,114.884,1,62.8334,1
