map,num_agents,trial,plan_attempts,plan_ok,full_replan_ok,full_replan_ms,selective_replan_ok,selective_replan_ms,escalation_tier,initial_soc,full_replan_soc,full_replan_changed,selective_replan_soc,selective_replan_changed,selective_replanned,selective_conflicts
open,5,0,1,1,1,0.8958,1,0.5691,0,86,86,5,86,2,2,0
open,5,1,1,1,1,0.9426,1,0.2439,0,122,124,3,124,1,1,0
open,5,2,1,1,1,0.6094,1,0.357,0,111,113,4,113,1,1,0
open,5,3,1,1,1,0.8856,1,0.4456,0,92,92,4,94,1,1,0
open,5,4,1,1,1,1.2465,1,0.3952,0,144,146,4,146,1,1,0
open,5,5,1,1,1,0.3643,1,0.288,0,123,127,1,127,1,1,0
open,5,6,1,1,1,0.4465,1,0.3556,0,85,87,1,87,1,1,0
open,5,7,1,1,1,3.0429,1,0.6268,0,122,124,5,124,2,2,0
open,5,8,1,1,1,0.7917,1,0.5163,0,81,81,5,81,1,1,0
open,5,9,1,1,1,1.1491,1,0.5375,0,96,96,2,96,1,1,0
open,5,10,1,1,1,0.3315,1,0.3865,0,118,118,2,118,1,1,0
open,5,11,1,1,1,1.7267,1,0.5729,0,128,128,4,128,1,1,0
open,5,12,1,1,1,1.4447,1,0.5016,0,145,145,3,145,1,1,0
open,5,13,1,1,1,0.4645,1,0.3415,0,131,131,1,131,1,1,0
open,5,14,1,1,1,1.1324,1,0.4863,0,99,99,4,99,1,1,0
open,5,15,1,1,1,1.0741,1,0.2999,0,108,110,2,110,1,1,0
open,5,16,1,1,1,0.7167,1,0.9082,0,126,128,2,128,1,1,0
open,5,17,1,1,1,3.5905,1,1.6772,0,148,148,5,148,1,1,0
open,5,18,1,1,1,2.1489,1,0.3015,0,83,83,3,83,1,1,0
open,5,19,1,1,1,0.2726,1,0.2876,0,88,90,1,90,1,1,0
open,5,20,1,1,1,0.2803,1,0.343,0,100,100,1,100,1,1,0
open,5,21,1,1,1,0.9216,1,0.293,0,119,121,3,121,1,1,0
open,5,22,1,1,1,1.4344,1,0.4998,0,107,107,5,107,1,1,0
open,5,23,1,1,1,2.0461,1,0.6417,0,152,154,4,154,1,1,0
open,5,24,1,1,1,0.8188,1,0.6728,0,110,112,3,112,1,1,0
open,5,25,1,1,1,0.8021,1,0.3949,0,136,138,2,138,1,1,0
open,5,26,1,1,1,0.5899,1,0.6208,0,171,173,1,173,1,1,0
open,5,27,1,1,1,0.7118,1,0.4245,0,103,103,3,103,1,1,0
open,5,28,1,1,1,1.0118,1,0.8667,0,121,121,3,121,1,1,0
open,5,29,1,1,1,0.3961,1,0.2532,0,109,109,3,109,1,1,0
open,5,30,1,1,1,0.9686,1,0.525,0,94,94,5,94,1,1,0
open,5,31,1,1,1,1.6557,1,0.4782,0,89,89,2,89,2,2,0
open,5,32,1,1,1,0.5909,1,0.3004,0,87,89,2,89,1,1,0
open,5,33,1,1,1,1.7183,1,1.2124,0,107,107,5,107,1,1,0
open,5,34,1,1,1,2.5206,1,0.5966,0,142,148,5,146,2,2,0
open,5,35,1,1,1,0.5969,1,0.2615,0,50,50,2,50,1,1,0
open,5,36,1,1,1,0.8319,1,0.755,0,116,116,3,116,3,3,0
open,5,37,1,1,1,0.6638,1,0.336,0,102,102,4,102,1,1,0
open,5,38,1,1,1,0.4086,1,0.2767,0,87,89,2,89,1,1,0
open,5,39,1,1,1,0.532,1,0.6341,0,109,111,2,111,1,1,0
open,5,40,1,1,1,1.013,1,0.2679,0,98,100,3,100,1,1,0
open,5,41,1,1,1,0.3256,1,0.5563,0,101,103,1,103,1,1,0
open,5,42,1,1,1,1.1023,1,0.6321,0,90,90,4,90,1,1,0
open,5,43,1,1,1,1.3211,1,0.4591,0,89,91,2,91,1,1,0
open,5,44,1,1,1,1.8096,1,0.5896,0,78,83,3,78,1,1,0
open,5,45,1,1,1,0.6962,1,0.4557,0,73,79,5,75,1,1,0
open,5,46,1,1,1,0.5543,1,0.8884,0,186,188,3,188,1,1,0
open,5,47,1,1,1,1.9175,1,0.8295,0,100,100,2,100,1,1,0
open,5,48,1,1,1,0.3639,1,0.2948,0,126,126,1,126,1,1,0
open,5,49,1,1,1,0.5398,1,0.3427,0,98,98,2,98,1,1,0
open,10,0,1,1,1,4.6129,1,0.9439,0,188,208,8,188,2,2,0
open,10,1,1,1,1,1.0714,1,0.5868,0,259,259,4,259,1,1,0
open,10,2,1,1,1,0.7639,1,0.4184,0,245,245,3,245,1,1,0
open,10,3,1,1,1,2.6408,1,0.9424,0,246,268,7,248,2,2,0
open,10,4,1,1,1,1.7084,1,0.516,0,182,183,7,184,1,1,0
open,10,5,1,1,1,2.1262,1,0.6542,0,220,220,9,221,1,1,0
open,10,6,1,1,1,0.6847,1,0.7739,0,252,254,2,254,1,1,0
open,10,7,1,1,1,0.9288,1,0.5239,0,214,216,3,216,1,1,0
open,10,8,1,1,1,2.0436,1,0.5209,0,245,229,7,245,1,1,0
open,10,9,1,1,1,2.3608,1,0.5737,0,204,204,10,204,1,1,0
open,10,10,1,1,1,2.6638,1,0.6199,0,259,257,9,259,1,1,0
open,10,11,1,1,1,1.0781,1,0.5822,0,215,215,1,215,1,1,0
open,10,12,1,1,1,3.1006,1,0.8561,0,251,264,8,251,1,1,0
open,10,13,1,1,1,9.4511,1,0.9849,0,235,249,7,235,2,2,0
open,10,14,1,1,1,1.1997,1,0.5493,0,336,335,6,336,1,1,0
open,10,15,1,1,1,1.1294,1,0.5174,0,195,195,6,197,1,1,0
open,10,16,1,1,1,1.1367,1,0.787,0,221,237,6,221,1,1,0
open,10,17,1,1,1,0.5465,1,0.4626,0,210,210,1,210,1,1,0
open,10,18,1,1,1,0.8702,1,0.4997,0,159,159,5,159,1,1,0
open,10,19,1,1,1,20.7072,1,0.534,0,239,232,3,239,1,1,0
open,10,20,1,1,1,5.6516,1,0.5543,0,204,204,3,204,1,1,0
open,10,21,1,1,1,1.1998,1,0.4913,0,202,204,1,204,1,1,0
open,10,22,1,1,1,9.9907,1,1.0248,0,283,285,7,285,3,3,0
open,10,23,1,1,1,3.0494,1,1.495,0,280,280,7,280,1,1,0
open,10,24,1,1,1,1.1861,1,0.4759,0,157,159,5,159,1,1,0
open,10,25,1,1,1,1.3223,1,0.6315,0,184,184,5,184,1,1,0
open,10,26,1,1,1,1.9942,1,0.8415,0,256,256,10,256,1,1,0
open,10,27,1,1,1,1.4405,1,1.1265,0,221,221,5,221,2,2,0
open,10,28,1,1,1,0.7231,1,0.4979,0,188,188,3,188,1,1,0
open,10,29,1,1,1,1.6983,1,0.9368,0,221,221,7,221,1,1,0
open,10,30,1,1,1,0.6053,1,0.4677,0,196,196,1,196,1,1,0
open,10,31,1,1,1,1.2593,1,0.4301,0,220,222,6,222,1,1,0
open,10,32,1,1,1,1.7908,1,0.7744,0,226,223,8,226,1,1,0
open,10,33,1,1,1,0.9067,1,0.7956,0,197,197,2,197,1,1,0
open,10,34,1,1,1,6.9094,1,0.6382,0,156,174,5,158,1,1,0
open,10,35,1,1,1,1.0698,1,0.5798,0,240,240,4,240,1,1,0
open,10,36,1,1,1,5.5429,1,0.8862,0,269,271,6,269,1,1,0
open,10,37,1,1,1,2.4782,1,0.57,0,235,240,6,237,1,1,0
open,10,38,1,1,1,1.2834,1,1.3726,0,320,315,7,322,1,1,0
open,10,39,1,1,1,0.7037,1,0.9011,0,151,153,1,153,1,1,0
open,10,40,1,1,1,0.9167,1,0.5953,0,213,213,1,213,1,1,0
open,10,41,1,1,1,3.08,1,1.1232,0,294,294,8,294,2,2,0
open,10,42,1,1,1,1.0903,1,0.5468,0,188,190,3,190,1,1,0
open,10,43,1,1,1,0.7708,1,2.429,0,212,212,2,212,1,1,0
open,10,44,1,1,1,0.805,1,0.6127,0,241,241,2,241,1,1,0
open,10,45,1,1,1,5.858,1,0.6941,0,223,223,1,223,1,1,0
open,10,46,1,1,1,2.0665,1,0.604,0,226,228,2,228,1,1,0
open,10,47,1,1,1,2.8641,1,1.0264,0,216,221,9,216,2,2,0
open,10,48,1,1,1,0.758,1,0.7696,0,237,239,2,239,1,1,0
open,10,49,1,1,1,1.5509,1,0.6144,0,179,163,7,179,1,1,0
open,20,0,1,1,1,4.7247,1,1.6031,0,497,495,13,497,4,4,0
open,20,1,1,1,1,4.2338,1,1.5474,0,419,400,16,419,3,3,0
open,20,2,1,1,1,4.9319,1,2.0034,0,402,394,15,388,2,2,0
open,20,3,1,1,1,32.0334,1,1.5242,0,415,463,14,417,1,1,0
open,20,4,1,1,1,4.8817,1,1.5244,0,378,380,16,380,1,1,0
open,20,5,1,1,1,4.601,1,1.0004,0,458,460,4,460,1,1,0
open,20,6,1,1,1,6.5602,1,1.2284,0,447,491,13,447,1,1,0
open,20,7,1,1,1,1.9992,1,1.036,0,439,436,12,441,2,2,0
open,20,8,1,1,1,6.6434,1,1.1595,0,460,454,20,460,1,1,0
open,20,9,1,1,1,3.1332,1,4.4339,0,524,516,15,524,3,3,0
open,20,10,1,1,1,8.3254,1,1.4825,0,514,500,15,516,2,2,0
open,20,11,1,1,1,1.0282,1,1.3755,0,364,364,1,364,1,1,0
open,20,12,1,1,1,2.5575,1,0.8834,0,448,448,6,448,1,1,0
open,20,13,1,1,1,2.8768,1,0.9817,0,468,476,10,468,1,1,0
open,20,14,1,1,1,4.5993,1,2.3632,0,422,424,15,424,4,4,0
open,20,15,1,1,1,2.0102,1,1.1202,0,348,358,6,348,1,1,0
open,20,16,1,1,1,2.3605,1,1.8105,0,429,443,8,430,1,1,0
open,20,17,1,1,1,6.9789,1,2.2388,0,429,415,17,433,4,4,0
open,20,18,1,1,1,5.0552,1,2.2186,0,452,442,16,452,2,2,0
open,20,19,1,1,1,4.1238,1,0.8869,0,496,503,8,496,1,1,0
open,20,20,1,1,1,8.4423,1,1.2262,0,510,512,20,510,2,2,0
open,20,21,1,1,1,13.2435,1,8.2226,0,418,430,16,437,2,2,0
open,20,22,1,1,1,19.534,1,1.0322,0,428,428,16,428,1,1,0
open,20,23,1,1,1,2.2462,1,0.9625,0,458,468,11,460,1,1,0
open,20,24,1,1,1,15.3981,1,1.162,0,480,473,17,480,2,2,0
open,20,25,1,1,1,9.6139,1,0.9242,0,459,472,13,459,1,1,0
open,20,26,1,1,1,2.1689,1,1.2041,0,479,456,12,481,1,1,0
open,20,27,1,1,1,1.3312,1,0.9842,0,390,392,2,392,2,2,0
open,20,28,1,1,1,4.9619,1,0.9431,0,420,420,16,424,1,1,0
open,20,29,1,1,1,8.5357,1,1.6768,0,412,434,9,412,1,1,0
open,20,30,1,1,1,1.4625,1,1.9746,0,397,397,1,397,1,1,0
open,20,31,1,1,1,2.9609,1,0.9451,0,419,447,7,420,1,1,0
open,20,32,1,1,1,2.196,1,1.0258,0,509,510,7,511,2,2,0
open,20,33,1,1,1,5.5929,1,2.2128,0,493,494,19,493,3,3,0
open,20,34,1,1,1,1.5012,1,1.1097,0,469,458,9,471,1,1,0
open,20,35,1,1,1,3.1412,1,1.1628,0,422,424,14,424,3,3,0
open,20,36,1,1,1,8.6789,1,1.0169,0,483,495,14,483,2,2,0
open,20,37,1,1,1,1.5277,1,1.0327,0,427,429,7,429,1,1,0
open,20,38,1,1,1,6.1284,1,1.8419,0,404,404,5,404,2,2,0
open,20,39,1,1,1,6.9528,1,4.2249,0,576,539,19,576,2,2,0
open,20,40,1,1,1,4.2003,1,4.8654,0,438,426,12,440,3,3,0
open,20,41,1,1,1,1.618,1,2.1149,0,465,465,7,465,1,1,0
open,20,42,1,1,1,4.1434,1,1.7949,0,467,478,14,469,1,1,0
open,20,43,1,1,1,2.7342,1,3.9878,0,453,453,12,453,2,2,0
open,20,44,1,1,1,1.5348,1,0.947,0,477,476,4,477,1,1,0
open,20,45,1,1,1,2.4882,1,1.2581,0,436,436,2,436,1,1,0
open,20,46,1,1,1,22.0967,1,1.7043,0,522,573,11,524,2,2,0
open,20,47,1,1,1,27.048,1,1.1009,0,539,526,16,539,2,2,0
open,20,48,1,1,1,3.4943,1,1.061,0,485,498,15,485,1,1,0
open,20,49,1,1,1,2.5624,1,0.9391,0,370,362,14,372,1,1,0
open,40,0,1,1,1,50.4729,1,1.773,0,920,896,30,920,1,1,0
open,40,1,1,1,1,4.3966,1,2.4123,0,895,895,11,899,1,1,0
open,40,2,1,1,1,17.3322,1,2.6961,0,796,764,34,780,3,3,0
open,40,3,1,1,1,5.1894,1,2.1673,0,891,902,15,893,1,1,0
open,40,4,1,1,1,9.5058,1,2.5354,0,825,857,36,825,1,1,0
open,40,5,1,1,1,67.6157,1,15.7591,0,918,980,35,946,3,3,0
open,40,6,1,1,1,7.851,1,1.9413,0,953,972,8,953,1,1,0
open,40,7,1,1,1,3.5655,1,2.1232,0,847,838,14,847,1,1,0
open,40,8,1,1,1,22.1249,1,3.1988,0,941,938,23,941,2,2,0
open,40,9,1,1,1,10.4587,1,1.5783,0,759,744,20,761,1,1,0
open,40,10,1,1,1,60.8187,1,3.4114,0,1018,1019,33,1018,2,2,0
open,40,11,1,1,1,31.4391,1,3.0775,0,996,1023,31,998,1,1,0
open,40,12,1,1,1,23.5539,1,14.4554,0,1096,1083,35,1112,8,8,0
open,40,13,1,1,1,41.3995,1,3.5,0,917,888,22,917,1,1,0
open,40,14,1,1,1,7.2611,1,4.2451,0,938,935,29,938,2,2,0
open,40,15,1,1,1,2.2818,1,5.9951,0,786,788,1,788,1,1,0
open,40,16,1,1,1,7.0007,1,1.732,0,774,778,18,774,1,1,0
open,40,17,1,1,1,35.6087,1,2.3858,0,880,907,32,880,2,2,0
open,40,18,1,1,1,8.0286,1,3.4606,0,999,998,27,1001,3,3,0
open,40,19,1,1,1,7.63,1,1.9131,0,1090,1151,20,1092,1,1,0
open,40,20,1,1,1,16.2609,1,2.5164,0,820,856,30,820,2,2,0
open,40,21,1,1,1,4.8776,1,2.7273,0,1038,1038,20,1039,3,3,0
open,40,22,1,1,1,29.2711,1,9.565,0,909,861,35,909,2,2,0
open,40,23,1,1,1,27.85,1,6.9871,0,953,968,37,955,2,2,0
open,40,24,1,1,1,3.1171,1,2.0218,0,986,988,7,988,2,2,0
open,40,25,1,1,1,6.0159,1,2.4256,0,934,937,15,936,1,1,0
open,40,26,1,1,1,9.785,1,1.7876,0,925,861,34,927,1,1,0
open,40,27,1,1,1,22.6926,1,2.8302,0,983,976,22,985,4,4,0
open,40,28,1,1,1,2.9351,1,2.9247,0,915,912,7,915,2,2,0
open,40,29,1,1,1,8.9057,1,2.4482,0,857,897,20,861,2,2,0
open,40,30,1,1,1,5.8225,1,2.4023,0,896,930,21,898,1,1,0
open,40,31,1,1,1,2.2582,1,2.5771,0,943,945,1,945,1,1,0
open,40,32,1,1,1,6.8711,1,7,0,1074,1064,15,1074,2,2,0
open,40,33,1,1,1,2.3646,1,2.1912,0,920,920,1,920,1,1,0
open,40,34,1,1,1,6.144,1,4.1714,0,1011,1000,17,1011,2,2,0
open,40,35,1,1,1,4.4198,1,2.0568,0,924,926,16,924,2,2,0
open,40,36,1,1,1,8.1825,1,6.6366,0,951,955,24,951,1,1,0
open,40,37,1,1,1,4.4599,1,2.6048,0,1035,1023,20,1035,1,1,0
open,40,38,1,1,1,14.93,1,2.6246,0,925,951,25,925,3,3,0
open,40,39,1,1,1,5.1864,1,13.9687,0,875,888,7,875,1,1,0
open,40,40,1,1,1,16.7208,1,6.5758,0,1006,1010,26,1020,4,4,0
open,40,41,1,1,1,14.8447,1,3.3766,0,931,947,33,933,3,3,0
open,40,42,1,1,1,26.1874,1,2.0755,0,921,1024,27,921,2,2,0
open,40,43,1,1,1,5.9164,1,2.1613,0,923,905,20,923,1,1,0
open,40,44,1,1,1,2.6335,1,2.4435,0,969,971,3,971,1,1,0
open,40,45,1,1,1,7.7535,1,2.5042,0,888,877,23,888,3,3,0
open,40,46,1,1,1,22.4015,1,2.1833,0,870,841,15,870,1,1,0
open,40,47,1,1,1,89.7785,1,3.2555,0,936,915,34,938,2,2,0
open,40,48,1,1,1,61.9019,1,2.2798,0,1063,1067,32,1063,2,2,0
open,40,49,1,1,1,4.2441,1,2.053,0,839,838,18,839,1,1,0
corridor,5,0,1,1,1,1.7667,1,0.5038,0,147,163,3,156,1,1,0
corridor,5,1,1,1,1,2.9734,1,0.3347,0,122,119,3,122,1,1,0
corridor,5,2,1,1,1,0.4369,1,0.2931,0,126,132,2,132,1,1,0
corridor,5,3,1,1,1,0.8502,1,0.3688,0,126,128,3,128,1,1,0
corridor,5,4,1,1,1,0.5017,1,0.6445,0,132,134,2,134,2,2,0
corridor,5,5,1,1,1,0.423,1,0.2617,0,77,79,2,79,1,1,0
corridor,5,6,1,1,1,1.3808,1,0.4403,0,102,112,1,112,1,1,0
corridor,5,7,1,1,1,0.8314,1,0.3164,0,130,132,4,132,1,1,0
corridor,5,8,1,1,1,0.547,1,0.3811,0,156,165,2,165,1,1,0
corridor,5,9,1,1,1,0.4993,1,0.3274,0,130,138,2,138,1,1,0
corridor,5,10,1,1,1,0.3329,1,0.2788,0,69,69,1,69,1,1,0
corridor,5,11,1,1,1,1.97,1,0.7446,0,166,154,4,153,2,2,0
corridor,5,12,1,1,1,0.4804,1,0.4455,0,109,123,1,123,1,1,0
corridor,5,13,1,1,1,0.6917,1,0.4518,0,82,96,2,96,1,1,0
corridor,5,14,1,1,1,0.6746,1,0.2492,0,112,112,3,112,1,1,0
corridor,5,15,1,1,1,0.5974,1,0.2758,0,103,104,4,105,1,1,0
corridor,5,16,1,1,1,1.0922,1,0.8046,0,128,137,5,139,2,2,0
corridor,5,17,1,1,1,0.8127,1,0.3007,0,108,110,2,110,1,1,0
corridor,5,18,1,1,1,0.5129,1,0.3817,0,118,120,2,120,1,1,0
corridor,5,19,1,1,1,0.542,1,0.7994,0,111,119,3,119,1,1,0
corridor,5,20,1,1,1,0.7296,1,0.219,0,94,96,1,96,1,1,0
corridor,5,21,1,1,1,0.3408,1,0.2596,0,92,94,2,94,1,1,0
corridor,5,22,1,1,1,0.8022,1,0.7465,0,110,126,3,126,2,2,0
corridor,5,23,1,1,1,0.7959,1,0.6712,0,131,137,4,143,3,3,0
corridor,5,24,1,1,1,0.5829,1,0.3066,0,101,111,3,111,1,1,0
corridor,5,25,1,1,1,0.3176,1,0.2613,0,148,150,1,150,1,1,0
corridor,5,26,1,1,1,0.6208,1,0.3784,0,82,88,2,88,1,1,0
corridor,5,27,1,1,1,0.5907,1,0.5311,0,114,134,2,134,2,2,0
corridor,5,28,1,1,1,0.3495,1,0.2669,0,140,140,2,140,1,1,0
corridor,5,29,1,1,1,0.6016,1,0.42,0,156,168,1,168,1,1,0
corridor,5,30,1,1,1,1.7925,1,1.8463,0,98,126,3,126,3,3,0
corridor,5,31,1,1,1,0.7584,1,0.4335,0,93,104,3,104,1,1,0
corridor,5,32,1,1,1,1.5361,1,0.4437,0,113,109,3,109,2,2,0
corridor,5,33,1,1,1,2.2551,1,0.3154,0,121,127,1,127,1,1,0
corridor,5,34,1,1,1,0.3615,1,0.321,0,116,116,1,116,1,1,0
corridor,5,35,1,1,1,0.8097,1,0.8924,0,111,121,2,121,2,2,0
corridor,5,36,1,1,1,0.5644,1,1.2381,0,143,147,3,143,1,1,0
corridor,5,37,1,1,1,0.6751,1,0.3429,0,144,142,2,152,1,1,0
corridor,5,38,1,1,1,0.397,1,0.3054,0,141,143,1,143,1,1,0
corridor,5,39,1,1,1,0.5157,1,0.2786,0,136,142,1,142,1,1,0
corridor,5,40,1,1,1,0.7107,1,0.279,0,125,127,1,127,1,1,0
corridor,5,41,1,1,1,0.8158,1,0.8868,0,125,143,1,143,1,1,0
corridor,5,42,1,1,1,0.3076,1,0.256,0,125,125,1,125,1,1,0
corridor,5,43,1,1,1,0.7878,1,0.2929,0,108,110,4,110,1,1,0
corridor,5,44,1,1,1,2.4828,1,2.8014,0,178,194,4,194,3,3,0
corridor,5,45,1,1,1,0.5221,1,0.3325,0,102,104,2,104,1,1,0
corridor,5,46,1,1,1,1.1359,1,0.9803,0,149,169,3,169,1,1,0
corridor,5,47,1,1,1,0.73,1,0.3266,0,114,114,3,114,1,1,0
corridor,5,48,1,1,1,0.8749,1,0.3162,0,100,104,2,104,1,1,0
corridor,5,49,1,1,1,0.4904,1,0.3081,0,117,127,3,127,1,1,0
corridor,10,0,1,1,1,1.017,1,0.4664,0,231,233,3,233,1,1,0
corridor,10,1,1,1,1,0.8991,1,0.5271,0,229,233,1,233,1,1,0
corridor,10,2,1,1,1,0.9891,1,0.5766,0,227,233,2,233,1,1,0
corridor,10,3,1,1,1,1.1869,1,0.5188,0,218,220,5,220,1,1,0
corridor,10,4,1,1,1,4.4493,1,0.5302,0,241,274,4,241,1,1,0
corridor,10,5,1,1,1,1.7056,1,1.1971,0,236,236,3,236,2,2,0
corridor,10,6,1,1,1,0.9608,1,0.5148,0,201,196,5,208,1,1,0
corridor,10,7,1,1,1,1.0532,1,0.7621,0,316,328,2,328,1,1,0
corridor,10,8,1,1,1,1.1562,1,0.739,0,219,219,6,223,1,1,0
corridor,10,9,1,1,1,2.0575,1,1.0284,0,324,334,7,334,2,2,0
corridor,10,10,1,1,1,0.8532,1,0.5481,0,215,217,2,217,1,1,0
corridor,10,11,1,1,1,2.1147,1,0.6536,0,252,256,6,254,1,1,0
corridor,10,12,1,1,1,4.8844,1,0.8377,0,235,253,8,241,3,3,0
corridor,10,13,1,1,1,1.3097,1,0.8298,0,249,244,8,251,3,3,0
corridor,10,14,1,1,1,0.8619,1,0.7084,0,278,290,2,290,1,1,0
corridor,10,15,1,1,1,0.9562,1,0.4576,0,209,211,3,211,1,1,0
corridor,10,16,1,1,1,0.6739,1,1.0963,0,246,252,1,252,1,1,0
corridor,10,17,1,1,1,0.7852,1,0.5217,0,220,226,2,226,1,1,0
corridor,10,18,1,1,1,4.3483,1,0.4569,0,215,217,8,217,1,1,0
corridor,10,19,1,1,1,1.7113,1,0.7399,0,224,230,3,230,1,1,0
corridor,10,20,1,1,1,2.2429,1,2.5895,0,290,296,8,296,2,2,0
corridor,10,21,1,1,1,0.678,1,0.4979,0,246,246,1,246,1,1,0
corridor,10,22,1,1,1,1.6353,1,0.5906,0,231,230,7,236,1,1,0
corridor,10,23,1,1,1,0.51,1,0.4314,0,186,186,1,186,1,1,0
corridor,10,24,1,1,1,6.9629,1,0.4998,0,259,261,7,261,1,1,0
corridor,10,25,1,1,1,0.7208,1,0.577,0,323,333,1,333,1,1,0
corridor,10,26,1,1,1,0.6916,1,0.5656,0,210,216,2,216,1,1,0
corridor,10,27,1,1,1,0.687,1,0.5066,0,249,255,1,255,1,1,0
corridor,10,28,1,1,1,0.8835,1,1.2013,0,219,231,1,231,1,1,0
corridor,10,29,1,1,1,5.6517,1,1.3581,0,239,261,4,243,2,2,0
corridor,10,30,1,1,1,1.393,1,0.4954,0,209,217,3,217,1,1,0
corridor,10,31,1,1,1,1.151,1,6.4467,0,194,196,2,196,1,1,0
corridor,10,32,1,1,1,1.4501,1,0.5601,0,185,183,4,191,1,1,0
corridor,10,33,1,1,1,1.2104,1,1.3587,0,203,211,2,211,1,1,0
corridor,10,34,1,1,1,22.4785,1,0.758,0,251,294,6,267,1,1,0
corridor,10,35,1,1,1,0.9573,1,0.4508,0,241,241,3,241,1,1,0
corridor,10,36,1,1,1,1.2487,1,0.4624,0,239,241,5,241,1,1,0
corridor,10,37,1,1,1,0.8647,1,0.4922,0,253,255,2,255,1,1,0
corridor,10,38,1,1,1,0.9707,1,0.6196,0,260,262,5,275,1,1,0
corridor,10,39,1,1,1,0.8635,1,2.3273,0,212,238,3,230,1,1,0
corridor,10,40,1,1,1,0.7544,1,0.5303,0,293,299,2,299,1,1,0
corridor,10,41,1,1,1,1.673,1,0.8871,0,283,288,6,288,2,2,0
corridor,10,42,1,1,1,0.675,1,0.4742,0,263,263,2,263,1,1,0
corridor,10,43,1,1,1,1.1828,1,0.5196,0,239,247,5,247,1,1,0
corridor,10,44,1,1,1,0.6115,1,0.4795,0,264,264,3,264,1,1,0
corridor,10,45,1,1,1,0.5758,1,0.8533,0,202,206,1,206,1,1,0
corridor,10,46,1,1,1,3.3437,1,0.7989,0,289,300,4,297,2,2,0
corridor,10,47,1,1,1,4.8668,1,0.5761,0,198,202,2,202,2,2,0
corridor,10,48,1,1,1,4.3311,1,1.3058,0,291,304,7,301,3,3,0
corridor,10,49,1,1,1,1.9371,1,0.8714,0,242,251,7,248,2,2,0
corridor,20,0,1,1,1,4.9571,1,1.1082,0,568,581,15,570,2,2,0
corridor,20,1,1,1,1,8.6636,1,0.9297,0,510,512,3,512,1,1,0
corridor,20,2,1,1,1,2.7204,1,0.9382,0,399,399,7,399,1,1,0
corridor,20,3,1,1,1,18.6656,1,2.0398,0,526,547,9,528,2,2,0
corridor,20,4,1,1,1,5.2364,1,1.6515,0,446,511,14,468,2,2,0
corridor,20,5,1,1,1,1.6354,1,1.6243,0,487,495,3,495,1,1,0
corridor,20,6,1,1,1,23.2634,1,4.0112,0,552,579,14,557,3,3,0
corridor,20,7,1,1,1,1.9112,1,1.4432,0,539,572,6,555,1,1,0
corridor,20,8,1,1,1,6.8863,1,2.1261,0,519,546,16,533,3,3,0
corridor,20,9,1,1,1,2.6932,1,1.3531,0,544,582,6,553,1,1,0
corridor,20,10,1,1,1,1.4852,1,2.0914,1,482,488,6,490,2,2,0
corridor,20,11,1,1,1,1.3009,1,1.0749,0,491,501,1,501,1,1,0
corridor,20,12,1,1,1,4.1317,1,2.3322,0,527,503,15,535,3,3,0
corridor,20,13,1,1,1,2.0162,1,1.0949,0,482,470,8,482,1,1,0
corridor,20,14,1,1,1,11.347,1,1.127,0,551,558,16,559,1,1,0
corridor,20,15,1,1,1,3.3443,1,1.1394,0,553,559,10,554,1,1,0
corridor,20,16,1,1,1,5.1358,1,1.1745,0,517,516,15,523,2,2,0
corridor,20,17,1,1,1,10.0094,1,8.0835,0,543,510,14,545,4,4,0
corridor,20,18,1,1,1,2.1181,1,1.877,0,473,501,6,496,2,2,0
corridor,20,19,1,1,1,10.2614,1,1.1983,0,538,507,13,540,1,1,0
corridor,20,20,1,1,1,2.1541,1,1.0939,0,438,449,11,450,1,1,0
corridor,20,21,1,1,1,8.2524,1,1.3911,0,594,607,4,598,2,2,0
corridor,20,22,1,1,1,2.2826,1,6.0458,0,563,568,3,565,1,1,0
corridor,20,23,1,1,1,3.6551,1,1.109,0,447,453,8,449,2,2,0
corridor,20,24,1,1,1,2.4806,1,0.8835,0,488,495,7,490,1,1,0
corridor,20,25,1,1,1,5.9995,1,3.255,0,559,574,11,570,4,4,0
corridor,20,26,1,1,1,1.4478,1,1.2762,0,571,585,1,585,1,1,0
corridor,20,27,1,1,1,1.534,1,0.9973,0,461,468,4,461,2,2,0
corridor,20,28,1,1,1,2.0509,1,2.7456,0,491,505,6,493,1,1,0
corridor,20,29,1,1,1,1.1812,1,1.0236,0,540,540,1,540,1,1,0
corridor,20,30,1,1,1,2.7708,1,1.0925,0,509,497,10,513,1,1,0
corridor,20,31,1,1,1,1.6934,1,1.0945,0,389,407,4,399,1,1,0
corridor,20,32,1,1,1,2.0493,1,1.2564,0,410,413,7,412,2,2,0
corridor,20,33,1,1,1,3.0408,1,1.7167,0,529,523,13,539,4,4,0
corridor,20,34,1,1,1,1.8518,1,1.3112,0,515,507,4,517,2,2,0
corridor,20,35,2,1,1,1.3929,1,0.6381,0,474,490,3,478,1,1,0
corridor,20,36,2,1,1,1.3139,1,279.49,1,410,430,5,430,5,20,0
corridor,20,37,1,1,1,3.1328,1,2.1707,0,514,518,8,526,2,2,0
corridor,20,38,1,1,1,1.4903,1,1.3524,0,605,616,4,607,1,1,0
corridor,20,39,1,1,1,7.3471,1,1.7716,0,516,512,13,528,3,3,0
corridor,20,40,1,1,1,12.6583,1,2.3853,0,546,594,9,566,2,2,0
corridor,20,41,1,1,1,2.3394,1,1.1974,0,429,435,9,431,2,2,0
corridor,20,42,1,1,1,1.9613,1,1.1631,0,603,597,6,603,2,2,0
corridor,20,43,1,1,1,1.4353,1,1.5505,0,565,605,4,567,1,1,0
corridor,20,44,1,1,1,2.1413,1,0.9191,0,400,416,7,402,1,1,0
corridor,20,45,1,1,1,2.5492,1,1.293,0,414,434,9,422,2,2,0
corridor,20,46,1,1,1,1.8687,1,1.5692,0,470,482,7,470,1,1,0
corridor,20,47,1,1,1,13.4707,1,1.5158,0,425,459,13,441,2,2,0
corridor,20,48,1,1,1,5.4651,1,1.1184,0,471,498,8,480,2,2,0
corridor,20,49,1,1,1,5.1678,1,1.1076,0,431,431,12,438,1,1,0
corridor,40,0,1,1,1,14.3352,1,2.139,0,1054,1091,31,1054,1,1,0
corridor,40,1,2,1,1,3.9706,1,1.3395,0,972,1027,13,969,2,2,0
corridor,40,2,1,1,1,10.8218,1,2.6298,0,1076,1092,9,1085,2,2,0
corridor,40,3,1,1,1,20.9032,1,3.8287,0,863,933,21,896,4,4,0
corridor,40,4,1,1,1,4.044,1,3.7537,0,1151,1190,12,1172,3,3,0
corridor,40,5,1,1,1,19.3878,1,3.7042,0,1069,1072,35,1075,3,3,0
corridor,40,6,1,1,1,21.9753,1,3.9736,0,1074,1036,19,1074,2,2,0
corridor,40,7,1,1,1,6.7617,1,16.1514,2,950,1028,15,991,6,6,0
corridor,40,8,1,1,1,4.1881,1,2.7062,0,1136,1127,3,1138,1,1,0
corridor,40,9,1,1,1,11.565,1,16.8944,1,1197,1238,24,1208,2,2,0
corridor,40,10,1,1,1,3.412,1,3.7686,0,1062,1064,7,1064,2,2,0
corridor,40,11,1,1,1,17.7583,1,4.6533,0,1175,1231,29,1191,2,2,0
corridor,40,12,1,1,0,22.2588,1,14.6762,0,1187,-1,-1,1229,4,4,0
corridor,40,13,1,1,1,11.9015,1,2.5347,0,1286,1327,35,1290,2,2,0
corridor,40,14,1,1,1,3.532,1,2.1437,0,995,1013,6,1001,1,1,0
corridor,40,15,1,1,1,33.4241,1,3.4739,0,951,1058,21,951,2,2,0
corridor,40,16,1,1,1,23.6486,1,5.8603,0,1057,1112,35,1085,5,5,0
corridor,40,17,2,1,1,3.2051,1,1.158,0,1020,1016,16,1020,4,4,0
corridor,40,18,1,1,1,4.4625,1,2.1373,0,1076,1109,11,1090,1,1,0
corridor,40,19,1,1,1,5.4687,1,2.7404,0,1139,1164,16,1153,4,4,0
corridor,40,20,1,1,1,2.5809,1,2.0591,0,1137,1137,7,1137,1,1,0
corridor,40,21,1,1,1,35.7375,1,6.4777,0,1198,1247,35,1206,4,4,0
corridor,40,22,1,1,1,3.2515,1,3.8022,0,1091,1097,9,1101,1,1,0
corridor,40,23,1,1,1,5.4582,1,3.2059,0,1058,1142,11,1070,1,1,0
corridor,40,24,1,1,1,2.4789,1,2.2094,0,1122,1132,2,1132,1,1,0
corridor,40,25,1,1,1,7.8009,1,2.9979,0,1079,1093,19,1083,3,3,0
corridor,40,26,1,1,1,2.4959,1,1.9206,0,1030,1034,1,1034,1,1,0
corridor,40,27,1,1,1,25.0282,1,5.5444,0,1156,1121,29,1162,10,10,0
corridor,40,28,2,1,1,16.9957,1,2.9953,0,995,994,22,999,4,4,0
corridor,40,29,1,1,1,8.8377,1,2.2374,0,1169,1178,16,1169,2,2,0
corridor,40,30,1,1,1,22.8172,1,2.4794,0,1035,1051,23,1047,4,4,0
corridor,40,31,1,1,1,2.6871,1,3.3795,0,1120,1124,4,1124,2,2,0
corridor,40,32,1,1,1,9.9683,1,2.0007,0,1200,1222,21,1202,1,1,0
corridor,40,33,3,1,1,15.7735,1,1.3401,0,1261,1284,26,1268,1,1,0
corridor,40,34,1,1,1,2.601,1,2.0013,0,998,1015,4,1006,1,1,0
corridor,40,35,1,1,1,23.428,1,6.2088,0,1071,1068,32,1071,5,5,0
corridor,40,36,1,1,0,7.5226,1,2.1873,0,1001,-1,-1,1011,1,1,0
corridor,40,37,1,1,1,5.9674,1,5.5687,1,1019,1147,22,1057,4,4,0
corridor,40,38,2,1,1,1.6969,1,1.0948,0,1084,1096,1,1096,1,1,0
corridor,40,39,1,1,1,2.9486,1,3.9674,1,1072,1077,5,1084,2,2,0
corridor,40,40,1,1,1,5.4568,1,1.9866,0,1245,1219,19,1256,1,1,0
corridor,40,41,1,1,1,39.2933,1,3.3988,0,1227,1275,35,1234,7,7,0
corridor,40,42,1,1,1,26.1463,1,8.5726,0,1159,1097,32,1161,3,3,0
corridor,40,43,1,1,1,16.4726,1,2.695,0,1009,998,28,991,3,3,0
corridor,40,44,1,1,1,4.3811,1,2.3957,0,1041,1067,9,1059,2,2,0
corridor,40,45,1,1,1,16.1175,1,2.7412,0,1100,1097,23,1124,5,5,0
corridor,40,46,1,1,1,12.4688,1,2.6304,0,1077,1074,25,1092,4,4,0
corridor,40,47,1,1,1,29.8687,1,1.484,0,1108,1148,31,1108,1,1,0
corridor,40,48,1,1,1,8.2839,1,5.4221,0,869,932,23,896,5,5,0
corridor,40,49,1,1,1,13.2931,1,1.9656,0,1022,1022,2,1022,2,2,0
